Experiment,Parameter,Value,Classifier,Train_Accuracy,CV_Accuracy,CV_Std,Test_Accuracy
Spatial Pyramid,Levels,1,svm_linear,0.3857471264367816,0.30057471264367813,0.008700777410471518,0.3409090909090909
Spatial Pyramid,Levels,2,svm_linear,0.5127586206896552,0.28701149425287353,0.014856516373034376,0.34363636363636363
Spatial Pyramid,Levels,3,svm_linear,0.7914942528735632,0.254367816091954,0.011112035897569606,0.30363636363636365
Spatial Pyramid,Levels,4,svm_linear,0.9954022988505747,0.2289655172413793,0.0056380452728417105,0.2631818181818182
Spatial Pyramid,Levels,5,svm_linear,1.0,0.23965517241379314,0.014180386678888409,0.27636363636363637
