Experiment,Parameter,Value,CV_Accuracy,Test_Accuracy
Detectors,Detector,SIFT,0.294775501840799,0.32727272727272727
Detectors,Detector,ORB,0.17074821703581794,0.18454545454545454
Detectors,Detector,AKAZE,0.18426699723290063,0.18599363346975897
Codebook Size,k,64,0.2768426166445242,0.31727272727272726
Codebook Size,k,128,0.28845472031091984,0.3259090909090909
Codebook Size,k,256,0.2960403984321813,0.3381818181818182
