{
    "1": [
        0.31363636363636366,
        0.3295402298850575,
        88
    ],
    "2": [
        0.29954545454545456,
        0.29413793103448277,
        53
    ],
    "3": [
        0.2972727272727273,
        0.31896551724137934,
        72
    ],
    "4": [
        0.29409090909090907,
        0.32448275862068965,
        96
    ],
    "5": [
        0.29409090909090907,
        0.2847126436781609,
        66
    ],
    "6": [
        0.2872727272727273,
        0.2806896551724138,
        74
    ],
    "7": [
        0.285,
        0.29333333333333333,
        121
    ],
    "8": [
        0.28045454545454546,
        0.2925287356321839,
        132
    ]
}