{
    "4": [
        0.35409090909090907,
        0.213043283045977,
        130
    ],
    "8": [
        0.35818181818181816,
        0.21476540050287357,
        148
    ],
    "16": [
        0.3572727272727273,
        0.21653960129310346,
        147
    ],
    "32": [
        0.3431818181818182,
        0.22816091954022988,
        141
    ],
    "64": [
        0.3290909090909091,
        0.28323994252873563,
        147
    ]
}